,,,,,,,,,,,,,,,,,,,,,,,,,,,,,,,,,,,,,,
,,,,,,,,,,,,,,,,,,,,,,,,,,,,,,,,,,,,,,tel Nr
Bestell-Nr.,Name,UVP,Sammelpreis,Foto-URL,,,,,,,,,,,,,,,,,,,,,,,,,,,,,,,,,,€
,,,,,,,,,,,,,,,,,,,,,,,,,,,,,,,,,,,,,,"0,00 €"
2511,"Isoton-Energiedrink (Pfirsich-Maracuja) *
900 g Dose","16,50 €","9,42 €",,,,,,,,,,,,,,,,,,,,,,,,,,,,,,,,,,,
2530,Isoton-Energiedrink (Pfirsich-Maracuja) 36 g Sachet (bitte in 10er Schritten bestellen),"0,85 €","0,52 €",,,,,,,,,,,,,,,,,,,,,,,,,,,,,,,,,,,
2526,"Isoton-Energiedrink (Blutorange)
900 g Dose","16,50 €","9,42 €",,,,,,,,,,,,,,,,,,,,,,,,,,,,,,,,,,,
2594,Isoton-Energiedrink (Blutorange) 36 g Sachet (in 10er Schritten) ,"0,85 €","0,52 €",,,,,,,,,,,,,,,,,,,,,,,,,,,,,,,,,,,
2539,"Isoton-Energiedrink (Sauerkirsche) *
900 g Dose","16,50 €","9,42 €",,,,,,,,,,,,,,,,,,,,,,,,,,,,,,,,,,,
2540,Isoton-Energiedrink (Sauerkirsche)  36 g Sachet (in 10er Schritten) ,"0,85 €","0,52 €",,,,,,,,,,,,,,,,,,,,,,,,,,,,,,,,,,,
2581,"Mineral-Pur-Drink (Apfel)
100 g Packung","9,50 €","5,78 €",,,,,,,,,,,,,,,,,,,,,,,,,,,,,,,,,,,
2582,"Mineral-Pur-Drink (Zitrone) *
100 g Packung","9,50 €","5,78 €",,,,,,,,,,,,,,,,,,,,,,,,,,,,,,,,,,,
2546,"Liquid-Energie-pur (Pfirsich-Maracuja) *
Box Inhalt 18x 50 ml Tuben","24,00 €","18,21 €",,,,,,,,,,,,,,,,,,,,,,,,,,,,,,,,,,,
2548,Liquid-Energie-pur (Pfirsich-Maracuja) * 500 ml Flasche,"12,50 €","8,27 €",,,,,,,,,,,,,,,,,,,,,,,,,,,,,,,,,,,
2556,"Liquid-Energie-pur (Kirsche) *
Box Inhalt 18x 50-ml-Tuben","24,00 €","18,21 €",,,,,,,,,,,,,,,,,,,,,,,,,,,,,,,,,,,
2522,"Bio-Aktiv-Riegel (Cranberry)
Box Inhalt 20x 40 g Riegel","39,00 €","26,75 €",,,,,,,,,,,,,,,,,,,,,,,,,,,,,,,,,,,
2525,"Energie-Reis-Riegel (Himbeere) *
Box Inhalt 20x 50 g Riegel","28,00 €","20,33 €",,,,,,,,,,,,,,,,,,,,,,,,,,,,,,,,,,,
2568,"Energie-Reis-Riegel (Apfel)
Box Inhalt 20x 50 g Riegel","28,00 €","20,33 €",,,,,,,,,,,,,,,,,,,,,,,,,,,,,,,,,,,
2572,"Energie-Reis-Riegel (Mango) *
Box Inhalt 20x 50 g Riegel","28,00 €","20,33 €",,,,,,,,,,,,,,,,,,,,,,,,,,,,,,,,,,,
2537,"Regenerationsdrink-Premium (Granatapfel)
750 g Dose","16,50 €","9,42 €",,,,,,,,,,,,,,,,,,,,,,,,,,,,,,,,,,,
2551,Regenerationsdrink-Premium (Granatapfel) 20 g Sachet (in 10er Mengen),"0,85 €","0,52 €",,,,,,,,,,,,,,,,,,,,,,,,,,,,,,,,,,,
2549,"Regenerationsdrink-Premium (Grapefruit)
750 g Dose","16,50 €","9,42 €",,,,,,,,,,,,,,,,,,,,,,,,,,,,,,,,,,,
2538,"Protein-Regenerationsturbo (Granatapfel)
750 g Dose","27,00 €","17,12 €",,,,,,,,,,,,,,,,,,,,,,,,,,,,,,,,,,,
2579,"Protein-Regenerationsturbo (Orange)
725 g Dose","27,00 €","16,05 €",,,,,,,,,,,,,,,,,,,,,,,,,,,,,,,,,,,
2564,"Regenerations-Turbo (Exotic) *
Box Inhalt 18x 50 ml Tuben","31,50 €","23,56 €",,,,,,,,,,,,,,,,,,,,,,,,,,,,,,,,,,,
2586,"Protein-Riegel 32% (Cappuccino)
Box Inhalt 20x 35 g Riegel","29,90 €","20,33 €",,,,,,,,,,,,,,,,,,,,,,,,,,,,,,,,,,,
2590,"Protein-Riegel 32% (Stracciatella)
Box Inhalt 20x 35 g Riegel","29,90 €","20,33 €",,,,,,,,,,,,,,,,,,,,,,,,,,,,,,,,,,,
2557,"Proteindrink-XXL 92 Fitness (Vanille) *
450 g Dose","26,50 €","18,73 €",,,,,,,,,,,,,,,,,,,,,,,,,,,,,,,,,,,
2558,"Proteindrink-XXL 92 Fitness (Erdbeer-Vanille)
450 g Dose","26,50 €","18,73 €",,,,,,,,,,,,,,,,,,,,,,,,,,,,,,,,,,,
2559,"Proteindrink-XXL 92 Fitness (Schoko) *
450 g Dose","26,50 €","18,73 €",,,,,,,,,,,,,,,,,,,,,,,,,,,,,,,,,,,
2569,"Whey-Protein 100%
1000 g Eimer","43,50 €","29,75 €",,,,,,,,,,,,,,,,,,,,,,,,,,,,,,,,,,,
2587,"Whey-Protein Vanille
1000 g Eimer","43,50 €","26,75 €",,,,,,,,,,,,,,,,,,,,,,,,,,,,,,,,,,,
2427,"Triple Perform Clear Whey Isolate (Lemon Ice Tea)
400 g Dose","26,50 €","17,60 €",,,,,,,,,,,,,,,,,,,,,,,,,,,,,,,,,,,
2500,"A-Z Kapseln
150 Kapseln","8,95 €","5,14 €",,,,,,,,,,,,,,,,,,,,,,,,,,,,,,,,,,,
2501,"Calcium-Magnesium-Tabletten
400 Tabletten","9,50 €","5,56 €",,,,,,,,,,,,,,,,,,,,,,,,,,,,,,,,,,,
2502,"Q10-Plus-Kapseln
150 Kapseln","25,00 €","14,45 €",,,,,,,,,,,,,,,,,,,,,,,,,,,,,,,,,,,
2503,"L-Carnitin-Kapseln
180 Kapseln","17,50 €","9,10 €",,,,,,,,,,,,,,,,,,,,,,,,,,,,,,,,,,,
2507,"Spirulina-Algen-Kapseln
360 Kapseln","16,50 €","9,95 €",,,,,,,,,,,,,,,,,,,,,,,,,,,,,,,,,,,
2509,"Vitamin-C+Zink-Depot-Kapseln
180 Kapseln","8,50 €","5,24 €",,,,,,,,,,,,,,,,,,,,,,,,,,,,,,,,,,,
2510,"Kreatin-Magnesium-Kapseln
200 Kapseln","11,50 €","6,96 €",,,,,,,,,,,,,,,,,,,,,,,,,,,,,,,,,,,
2515,"Eisen-Vitamin-C-Kapseln
180 Kapseln","9,50 €","6,10 €",,,,,,,,,,,,,,,,,,,,,,,,,,,,,,,,,,,
2517,"Magnesium-400 supra-Kapseln
120 Kapseln","8,50 €","5,30 €",,,,,,,,,,,,,,,,,,,,,,,,,,,,,,,,,,,
2528,"Glucosamin-Chondroitin Plus
Trinkpulver mit 30 Portionsbeutel","27,50 €","16,05 €",,,,,,,,,,,,,,,,,,,,,,,,,,,,,,,,,,,
2542,"Montmorency-Sauerkirsche-Kapseln
90 Kapseln NEU!!!","22,50 €","12,31 €",,,,,,,,,,,,,,,,,,,,,,,,,,,,,,,,,,,
2580,"Kreatin Monohydrat
600 g Dose","34,95 €","23,21 €",,,,,,,,,,,,,,,,,,,,,,,,,,,,,,,,,,,
2583,"Faszien-Fit für Bänder und Sehnen
Trinkpulver mit 30 Portionsbeutel","21,00 €","12,31 €",,,,,,,,,,,,,,,,,,,,,,,,,,,,,,,,,,,
2600,"Omega-3+Vitamin-D3+K2-Kapseln
120 Kapseln","22,50 €","13,38 €",,,,,,,,,,,,,,,,,,,,,,,,,,,,,,,,,,,
2420,"Triple Perform Collagenpulver (Grapefruit)
Trinkpulver mit 30 Portionsbeutel","49,90 €","25,68 €",,,,,,,,,,,,,,,,,,,,,,,,,,,,,,,,,,,
2421,"Triple Perform Collagenpulver (Wild Berry)
Trinkpulver mit 30 Portionsbeutel","49,90 €","25,68 €",,,,,,,,,,,,,,,,,,,,,,,,,,,,,,,,,,,
2506,"Ringelblumen-Regenerationscreme
200 ml Dose","8,95 €","6,31 €",,,,,,,,,,,,,,,,,,,,,,,,,,,,,,,,,,,
2508,"Vital-Hautmilch
500 ml Flasche","8,90 €","6,07 €",,,,,,,,,,,,,,,,,,,,,,,,,,,,,,,,,,,
2514,"Fireprotect-Hautschutzcreme
100 ml Tube","5,90 €","4,11 €",,,,,,,,,,,,,,,,,,,,,,,,,,,,,,,,,,,
2505,"Warm-up-Massageöl
250 ml Flasche","9,50 €","6,78 €",,,,,,,,,,,,,,,,,,,,,,,,,,,,,,,,,,,
2516,Warm-up-Massageöl 500 ml Flasche,"16,50 €","11,31 €",,,,,,,,,,,,,,,,,,,,,,,,,,,,,,,,,,,
2529,"Sport Balsam
150 ml Tube","12,00 €","8,27 €",,,,,,,,,,,,,,,,,,,,,,,,,,,,,,,,,,,
2513,"Trinkflasche Tacx
500 ml Flasche","2,95 €","1,84 €",,,,,,,,,,,,,,,,,,,,,,,,,,,,,,,,,,,
2519,"Trinkflasche Tacx
750 ml Flasche","3,95 €","2,32 €",,,,,,,,,,,,,,,,,,,,,,,,,,,,,,,,,,,
2527,"Komfort-Shaker
600 ml Shaker","5,95 €","4,70 €",,,,,,,,,,,,,,,,,,,,,,,,,,,,,,,,,,,
2544,"Fitnessband
inkl. Übungsanleitung","3,50 €","2,68 €",,,,,,,,,,,,,,,,,,,,,,,,,,,,,,,,,,,
2543,"Gurt-Tasche
bis zu 300% dehnbar","18,00 €","12,50 €",,,,,,,,,,,,,,,,,,,,,,,,,,,,,,,,,,,
2593,"Bestseller-Box - ideal zum Ausprobieren
12er Set","13,95 €","9,63 €",,,,,,,,,,,,,,,,,,,,,,,,,,,,,,,,,,,
2596,"Halbmarathon-Set
6er Set","7,50 €","6,55 €",,,,,,,,,,,,,,,,,,,,,,,,,,,,,,,,,,,
2597,"Marathon-Set
8er Set","9,90 €","7,62 €",,,,,,,,,,,,,,,,,,,,,,,,,,,,,,,,,,,
2598,"Triathlon-Set
11er Set","12,50 €","9,52 €",,,,,,,,,,,,,,,,,,,,,,,,,,,,,,,,,,,